{"cameraMode":{"drawMode":0,"name":"Shaded","section":"Shading Mode"},"sceneLighting":true,"audioPlay":false,"sceneViewState":{"m_AlwaysRefresh":false,"showFog":true,"showSkybox":true,"showFlares":true,"showImageEffects":true,"showParticleSystems":true,"showVisualEffectGraphs":true,"m_FxEnabled":false},"in2DMode":false,"pivot":{"x":-5.800938606262207,"y":-11.789115905761719,"z":-3.0578231811523439},"rotation":{"x":0.6088376641273499,"y":0.0054479241371154789,"z":0.0019960191566497089,"w":0.7937455177307129},"size":80.1585922241211,"orthographic":false}